Chr	Range	Count	Stocks Seen In (stocks checked: 28)
chr3L	1042993-1042993	1	0	mcm5-09,
chr3L	1210776-1210776	1	0	mcm5-22,
chr3L	2399711-2399711	1	0	mcm5-22,
chr3L	2536029-2536029	1	0	mcm5-22,
chr3L	2574822-2574822	17	0	mcm5-01,mcm5-02,mcm5-03,mcm5-05,mcm5-06,mcm5-09,mcm5-10,mcm5-12,mcm5-13,mcm5-16,mcm5-17,mcm5-19,mcm5-21,mcm5-22,mcm5-25,mcm5-26,mcm5-27,
chr3L	2913800-2913800	1	0	mcm5-02,
chr3L	3107053-3107068	1	15	mcm5-17,
chr3L	3733417-3733420	1	3	mcm5-25,
chr3L	5004242-5004242	1	0	mcm5-02,
chr3L	5080411-5080411	1	0	mcm5-18,
chr3L	5345361-5402036	1	56675	mcm5-22,
chr3L	5511306-5511306	1	0	mcm5-25,
chr3L	6301940-6301940	11	0	mcm5-04,mcm5-07,mcm5-08,mcm5-11,mcm5-14,mcm5-15,mcm5-18,mcm5-20,mcm5-23,mcm5-24,mcm5-28,
chr3L	6301966-6301966	11	0	mcm5-04,mcm5-07,mcm5-08,mcm5-11,mcm5-14,mcm5-15,mcm5-18,mcm5-20,mcm5-23,mcm5-24,mcm5-28,
chr3L	6302036-6302036	11	0	mcm5-04,mcm5-07,mcm5-08,mcm5-11,mcm5-14,mcm5-15,mcm5-18,mcm5-20,mcm5-23,mcm5-24,mcm5-28,
chr3L	9104217-9105174	17	957	mcm5-01,mcm5-02,mcm5-03,mcm5-05,mcm5-06,mcm5-09,mcm5-10,mcm5-12,mcm5-13,mcm5-16,mcm5-17,mcm5-19,mcm5-21,mcm5-22,mcm5-25,mcm5-26,mcm5-27,
chr3L	9105516-9105520	11	4	mcm5-04,mcm5-07,mcm5-08,mcm5-11,mcm5-14,mcm5-15,mcm5-18,mcm5-20,mcm5-23,mcm5-24,mcm5-28,
chr3L	9506763-9506775	1	12	mcm5-04,
chr3L	9533636-9533669	1	33	mcm5-22,
chr3L	10280893-10281140	1	247	mcm5-22,
chr3L	10757709-10757723	1	14	mcm5-09,
chr3L	10890559-10890562	1	3	mcm5-12,
chr3L	11215661-11215687	1	26	mcm5-25,
chr3L	11303932-11303941	1	9	mcm5-22,
chr3L	11420048-11420050	1	2	mcm5-01,
chr3L	11423139-11423139	1	0	mcm5-13,
chr3L	11741191-11741191	1	0	mcm5-22,
chr3L	11964024-11964024	1	0	mcm5-25,
chr3L	12258628-12258628	1	0	mcm5-22,
chr3L	12369472-12369903	17	431	mcm5-01,mcm5-02,mcm5-03,mcm5-05,mcm5-06,mcm5-09,mcm5-10,mcm5-12,mcm5-13,mcm5-16,mcm5-17,mcm5-19,mcm5-21,mcm5-22,mcm5-25,mcm5-26,mcm5-27,
chr3L	12886668-12886672	2	4	mcm5-07,mcm5-14,
chr3L	13227064-13227074	1	10	mcm5-22,
chr3L	13272492-13272492	1	0	mcm5-23,
chr3L	13292087-13292087	6	0	mcm5-03,mcm5-06,mcm5-13,mcm5-19,mcm5-25,mcm5-26,
chr3L	13960368-13960610	1	242	mcm5-03,
chr3L	14236884-14236885	3	1	mcm5-01,mcm5-19,mcm5-25,
chr3L	14630407-14630407	11	0	mcm5-04,mcm5-07,mcm5-08,mcm5-11,mcm5-14,mcm5-15,mcm5-18,mcm5-20,mcm5-23,mcm5-24,mcm5-28,
chr3L	17888807-17889520	17	713	mcm5-01,mcm5-02,mcm5-03,mcm5-05,mcm5-06,mcm5-09,mcm5-10,mcm5-12,mcm5-13,mcm5-16,mcm5-17,mcm5-19,mcm5-21,mcm5-22,mcm5-25,mcm5-26,mcm5-27,
chr3L	18064302-18064302	1	0	mcm5-10,
chr3L	18170683-18170758	1	75	mcm5-06,
chr3L	18369960-18369960	1	0	mcm5-09,
chr3L	18415137-18415164	1	27	mcm5-22,
chr3L	18607923-18607936	1	13	mcm5-10,
chr3L	18653031-18653076	1	45	mcm5-17,
chr3L	18853977-18854010	1	33	mcm5-26,
chr3L	18853979-18854010	1	31	mcm5-22,
chr3L	19331173-19331173	1	0	mcm5-25,
chr3L	20143134-20143134	3	0	mcm5-16,mcm5-22,mcm5-26,
chr3L	20333656-20333656	11	0	mcm5-04,mcm5-07,mcm5-08,mcm5-11,mcm5-14,mcm5-15,mcm5-18,mcm5-20,mcm5-23,mcm5-24,mcm5-28,
chr3L	24175189-24264564	2	89375	mcm5-01,mcm5-12,
chr3L	24264564-24264564	15	0	mcm5-02,mcm5-03,mcm5-05,mcm5-06,mcm5-09,mcm5-10,mcm5-13,mcm5-16,mcm5-17,mcm5-19,mcm5-21,mcm5-22,mcm5-25,mcm5-26,mcm5-27,
chr3L	24756663-24756663	17	0	mcm5-01,mcm5-02,mcm5-03,mcm5-05,mcm5-06,mcm5-09,mcm5-10,mcm5-12,mcm5-13,mcm5-16,mcm5-17,mcm5-19,mcm5-21,mcm5-22,mcm5-25,mcm5-26,mcm5-27,
chr3L	26300763-26881221	8	580458	mcm5-03,mcm5-10,mcm5-12,mcm5-13,mcm5-16,mcm5-17,mcm5-19,mcm5-25,
chr3L	26300763-26300763	9	0	mcm5-01,mcm5-02,mcm5-05,mcm5-06,mcm5-09,mcm5-21,mcm5-22,mcm5-26,mcm5-27,
chr3R	955360-2692753	9	1737393	mcm5-01,mcm5-06,mcm5-09,mcm5-12,mcm5-21,mcm5-22,mcm5-25,mcm5-26,mcm5-27,
chr3R	955360-2282013	8	1326653	mcm5-02,mcm5-03,mcm5-05,mcm5-10,mcm5-13,mcm5-16,mcm5-17,mcm5-19,
chr3R	1491024-1491043	5	19	mcm5-04,mcm5-07,mcm5-20,mcm5-23,mcm5-28,
chr3R	2582568-2692753	8	110185	mcm5-02,mcm5-03,mcm5-05,mcm5-10,mcm5-13,mcm5-16,mcm5-17,mcm5-19,
chr3R	3108001-3188716	17	80715	mcm5-01,mcm5-02,mcm5-03,mcm5-05,mcm5-06,mcm5-09,mcm5-10,mcm5-12,mcm5-13,mcm5-16,mcm5-17,mcm5-19,mcm5-21,mcm5-22,mcm5-25,mcm5-26,mcm5-27,
chr3R	3384912-3522037	17	137125	mcm5-01,mcm5-02,mcm5-03,mcm5-05,mcm5-06,mcm5-09,mcm5-10,mcm5-12,mcm5-13,mcm5-16,mcm5-17,mcm5-19,mcm5-21,mcm5-22,mcm5-25,mcm5-26,mcm5-27,
chr3R	4023195-4023195	11	0	mcm5-04,mcm5-07,mcm5-08,mcm5-11,mcm5-14,mcm5-15,mcm5-18,mcm5-20,mcm5-23,mcm5-24,mcm5-28,
chr3R	5071587-5094085	11	22498	mcm5-04,mcm5-07,mcm5-08,mcm5-11,mcm5-14,mcm5-15,mcm5-18,mcm5-20,mcm5-23,mcm5-24,mcm5-28,
chr3R	8578657-8578718	9	61	mcm5-07,mcm5-11,mcm5-14,mcm5-15,mcm5-18,mcm5-20,mcm5-23,mcm5-24,mcm5-28,
chr3R	15865413-15865729	1	316	mcm5-20,
chr3R	16581512-16581512	1	0	mcm5-11,
chr3R	18097378-18097378	1	0	mcm5-24,
chr3R	21342353-21377356	1	35003	mcm5-25,
chr3R	5782837-5782837	10	0	mcm5-04,mcm5-07,mcm5-08,mcm5-11
chr3R	25125453-25125453	10	0	mcm5-04,mcm5-07,mcm5-08,mcm5-11
chr3L	11420048-11420050	10	0	foo,bar
chr3R	28045168-28045670       10      0	foo,bar
chr3R	18539895-18570532	10	0	foo,bar
